title,meta,content
台北市合格心理諮商機構,,"
台北市合格心理諮商機構 | 臺北市諮商心理師公會




























 首頁
Open submenu (關於我們)關於我們
最新消息
Open submenu (會員服務)會員服務
Open submenu (民眾服務)民眾服務
聯絡我們






Facebook
Youtube
登入
申請入會
 
 
 






搜尋表單

搜尋 





 
 
 Close submenu (關於我們)關於我們公會簡介
本會章程
組織架構
本會會員代表
歷任成員
諮商倫理委員會
全聯會會員代表
大事記
Close submenu (會員服務)會員服務入退會說明
執業執照
公會健保
繼續教育課程
會員福利
常見問題
相關連結
Close submenu (民眾服務)民眾服務認識諮商心理師
台北市合格心理諮商機構
台北市諮商心理師名錄
心理健康講座
心理健康專欄/節目
委託媒合講師
常見問題



Jump to Navigation
Jump to Main content









臺北市諮商心理師公會

Taipei Counselin"
也許該找人聊聊-何謂心理諮商服務？,,"
















































	臺北市政府衛生局社區心理衛生中心-專題文章-也許該找人聊聊-何謂心理諮商服務？













跳到主要內容區塊 






__VIEWSTATE






 網站索引 
搜尋
搜尋







進階搜尋

  分享您的瀏覽器不支援JavaScript功能，若網頁功能無法正常使用時，請開啟瀏覽器JavaScript狀態 分享至 Facebook[另開新視窗] 分享至 Plurk[另開新視窗] 分享至 twitter[另開新視窗] 分享至 line[另開新視窗] 分享至 email[另開新視窗]
   單位介紹  心衛中心簡介 服務項目 聯絡我們/交通路線 粉絲專頁 LINE帳號
  訊息區  最新消息 新聞稿 臺北市COVID-19專區
  活動/課程專區  講座/活動 教育訓練 活動花絮
  諮商門診  社區心理諮商服務門診表 社區心理諮商服務說明 社區心理諮商服務Ｑ＆Ａ
  心理評量  簡式心情溫度計(BSRS-5) 長者憂鬱量表(GDS-15) 台灣工作者疲勞量表"
心理諮商是什麼？分享諮商項目、費用與心理治療所推薦 ...,,心理諮商是什麼？分享諮商項目、費用與心理治療所推薦│知芯心理 - 知芯心理治療所                  Skip to contentToggle Navigation首頁關於知芯交通方式服務項目費用說明常見問題知芯團隊最新消息知芯新知聯絡知芯Toggle Navigation首頁關於知芯交通方式服務項目費用說明常見問題知芯團隊最新消息知芯新知聯絡知芯心理諮商是什麼？分享諮商項目、費用與心理治療所推薦│知芯心理心理諮商是什麼？分享諮商項目、費用與心理治療所推薦│知芯心理心理諮商有用嗎？與心理治療差在哪？本文將推薦你台北的知芯心理治療所，並介紹心理諮詢的進行方式、談論議題、健保給付，以及自費心理諮商所和心理治療所的服務差異、挑選要點與費用，陪伴你度過人生低谷！目錄：一、心理諮商（心理治療）是什麼？心理諮商與心理治療不一樣？臨床心理師、諮商心理師有什麼差？什麼時候需要心理諮商？心理諮商有用嗎？心理諮商流程怎麼進行？二、心理諮商費用要花多少？健保會給付心理諮商嗎？心理諮商健保給付費用與限制一般心理治療費用三、心理諮商推薦怎麼選？預約前要做哪些準備？心理治療所、心理諮商所怎麼選？預
心理諮商有用嗎？心理諮商流程、費用、免費資源懶人包,,"
心理諮商有用嗎？心理諮商流程、費用、免費資源懶人包｜親子天下


   
                登入
               
                註冊
               購物 優惠懶人包>> 下載App享好康 全館熱銷🔥 訂小行星 官網獨家❗溫美玉備課館 國小必讀科學知識 給爸媽的心靈雞湯❤️會員服務 討論區 選擇學校 親子遊 專屬下載 育兒工具 關於會員學前兒 選擇幼兒園 教養 健康與營養 玩中學 托嬰托育 閱讀與書單小學生 選擇國小 教養 健康與營養 學習 親師溝通 家有特殊兒 閱讀與書單中學生 選擇國中 選擇高中職 教養 健康與營養 學習 12年國教 親師溝通 人際關係 生涯探索 閱讀與書單家庭與生活 特色公園 聊關係 健康與營養 生活妙管家 親子遊 親子生活與公益教育現場 選擇實驗教育 教育趨勢 教改追蹤 校園故事 翻轉教育 教育創新 教育年會專欄專題 專欄 熱門專題 人物故事 閱讀人物 親子天下雜誌 嚴選作者閲讀 主題書單 達人推薦 閱讀新鮮事 閱讀生活 教學與教案 親子共讀看影音 教育觀點 人物故事 小行星樂樂TV 請問醫生 線上"
心理諮商費用怎麼算？有免費心理諮商嗎？諮商收費標準 - 親子天下,,Just a moment...www.parenting.com.twVerifying you are human. This may take a few seconds.www.parenting.com.tw needs to review the security of your connection before proceeding.Verification successfulWaiting for www.parenting.com.tw to respond...Enable JavaScript and cookies to continueRay ID: 890880b8bbcb6a86Performance & security by Cloudflare
也許該找人聊聊-何謂心理諮商服務？,,"
















































	臺北市政府衛生局社區心理衛生中心-專題文章-也許該找人聊聊-何謂心理諮商服務？













跳到主要內容區塊 






__VIEWSTATE






 網站索引 
搜尋
搜尋







進階搜尋

  分享您的瀏覽器不支援JavaScript功能，若網頁功能無法正常使用時，請開啟瀏覽器JavaScript狀態 分享至 Facebook[另開新視窗] 分享至 Plurk[另開新視窗] 分享至 twitter[另開新視窗] 分享至 line[另開新視窗] 分享至 email[另開新視窗]
   單位介紹  心衛中心簡介 服務項目 聯絡我們/交通路線 粉絲專頁 LINE帳號
  訊息區  最新消息 新聞稿 臺北市COVID-19專區
  活動/課程專區  講座/活動 教育訓練 活動花絮
  諮商門診  社區心理諮商服務門診表 社區心理諮商服務說明 社區心理諮商服務Ｑ＆Ａ
  心理評量  簡式心情溫度計(BSRS-5) 長者憂鬱量表(GDS-15) 台灣工作者疲勞量表"
有我傾聽」 「年輕族群心理健康支持方案」8月1日上路！ - 衛生福利部,,"










衛福部推「年輕的心，有我傾聽」 「年輕族群心理健康支持方案」8月1日上路！-
						衛生福利部














按 Enter 到主內容區

Toggle navigationToggle navigation

:::
回衛福部首頁
RSS
English
雙語詞彙
部長信箱
網站導覽



Search
進階
熱門關鍵字：
					國民年金肺炎鏈球菌疫苗再生醫療法血壓
您的瀏覽器不支援javascript功能，若網頁功能無法正常使用時，請開啟瀏覽器Javscript狀態。



本部簡介
部長
次長
主任秘書
行政組織
本部單位及所屬機關
使命願景及重大政策
政策報導
部徽設計說明


最新消息
焦點新聞
真相說明
公告訊息
活動訊息
招標資訊
就業資訊


便民服務
消費者保護
部長信箱
人民線上申辦服務專區
表單下載
諮詢服務專線
政府出版品
電子報訂閱
相關問題Q&A
衛生福利e寶箱
常用查詢
政府資訊公開


法令規章
衛生福利法規檢索系統
法規通報
全國法規資料庫
行政院公報資訊網
反貪資訊網
遊說法專區
法規鬆綁
勤休新制專區
"
心理諮商有用嗎？心理諮商流程、費用、免費資源懶人包,,Just a moment...www.parenting.com.twVerifying you are human. This may take a few seconds.www.parenting.com.tw needs to review the security of your connection before proceeding.Verification successfulWaiting for www.parenting.com.tw to respond...Enable JavaScript and cookies to continueRay ID: 890881181c916a86Performance & security by Cloudflare
心理諮商/心理治療是什麼？貴嗎？心理師：有效治療有這十 ...,,"  心理諮商/心理治療是什麼？貴嗎？心理師：有效治療有這十二大重點！ - 力人心理治療所      Skip links Skip to primary navigation Skip to content
首頁關於力人環境介紹收費標準心理師團隊方曉喻  所長黃春偉 副所長蕭淑月蔡盈盈羅時揚李馨兒張嘉紋曾光佩蔣宛儒陳韻如許瑜庭林依靜柯萱如蘇淑貞 顧問楊大和心理諮商/治療心理諮詢與評估青年心理諮商婚姻與伴侶諮商心理與精神疾病兒童與青少年與親子諮商心理創傷與療癒人際關係與情緒壓力預約&聯絡立即預約聯絡方式治療指南實習心理師方案


立即預約					

 



Facebook
 



 



 


Toggle navigation













Toggle navigation







首頁關於力人環境介紹收費標準心理師團隊方曉喻  所長黃春偉 副所長蕭淑月蔡盈盈羅時揚李馨兒張嘉紋曾光佩蔣宛儒陳韻如許瑜庭林依靜柯萱如蘇淑貞 顧問楊大和心理諮商/治療心理諮詢與評估青年心理諮商婚姻與伴侶諮商心理與精神疾病兒童與青少年與親子諮商心理創傷與療癒人際關係與情緒壓力預約"
各縣市心理諮商合作機構名單- 心理健康司,,"





各縣市心理諮商合作機構名單-
			心理健康司











按 Enter 到主內容區
Toggle navigation

Toggle navigation


:::網站導覽
部長信箱
雙語詞彙
English
回衛福部首頁


Search
進階
熱門關鍵字：國民年金 肺炎鏈球菌疫苗 再生醫療法血壓

您的瀏覽器不支援javascript功能，若網頁功能無法正常使用時，請開啟瀏覽器Javscript狀態。


關於本司
組織架構
業務職掌
焦點新聞
活動訊息
公告訊息
本部各單位及所屬機關
主任秘書室
綜合規劃司
社會保險司
社會救助及社工司
長期照顧司
護理及健康照護司
保護服務司
醫事司
心理健康司
口腔健康司
中醫藥司
秘書處
人事處
政風處
會計處
統計處
資訊處
法規會
附屬醫療及社會福利機構管理會
全民健康保險會
全民健康保險爭議審議會
衛生福利人員訓練中心
國民年金監理會
國際合作組
公共關係室
科技發展組
國會聯絡組
社會及家庭署
疾病管制署
食品藥物管理署
國民健康署
中央健康保險署
國家中醫藥研究所








:::心理健康促進
"
心理諮商費用？免費、自費差異？心理諮商項目、重點介紹,,"心理諮商費用？免費、自費差異？心理諮商項目、重點介紹《Hello醫師揪好康》只要3分鐘，多項營養品「免費索取」! 👆🏼立即點擊👆🏼更多類別探索健康小工具看所有類別所有主題看更多主題今夏防曬大作戰免疫專區Hello醫師 正視過敏專區壯世代幸福劇本探索更多類別健康飲食癌症皮膚健康呼吸道健康心臟健康糖尿病看所有類別所有主題看更多主題今夏防曬大作戰免疫專區Hello醫師 正視過敏專區壯世代幸福劇本健康小工具健康小工具懷孕28+週必修課阻塞型睡眠呼吸中止症的風險評估兒童生長曲線計算機：輸入寶寶身高、體重及頭圍糖尿病前期風險評估黃斑部病變檢測血糖管理評估看所有健康小工具Favorite ToolsBMI計算器：男女體重是否符合標準正常值？一鍵速算！想知道你現在的體重是標準、過輕還是過重嗎？
馬上計算你的 BMI！看更多基礎代謝率BMR熱量計算機：TDEE、一日卡路里計算開始減肥前，一定要知道！簡單幾個步驟，讓你了解每天所需消耗的總熱量，才知道該吃多少才能維持好身材。看更多懷孕28+週必修課看更多登入登入廣告心理健康解釋文心理諮商費用？免費、自費差異？心理諮商項目、重點介紹資料查核： Hello "
台北心理諮商怎麼挑？5點教您挑選合適的心理諮商所！,,台北心理諮商怎麼挑？5點教您挑選合適的心理諮商所！關於我們專業團隊諮商主題找心理師諮商服務部落格心理諮商Q&A最新消息心理諮商婚姻諮商性諮商催眠心理健康醫療資訊擁抱心人物親子關係家庭諮商成癮議題Languages立即預約Open main menu首頁心理諮商台北心理諮商怎麼挑？5點教您挑選合適的心理諮商所！台北心理諮商怎麼挑？5點教您挑選合適的心理諮商所！編輯部＄2024-05-06更新2022-03-15發佈心理諮商# 台北心理諮商# 心理諮商# 心理治療心理諮商推薦怎麼選？台北心理諮商推薦哪一家？本文將告訴你自費心理諮商的4大好處，並提供5大要點教你如何挑選適合的心理諮商所及心理諮商師，最後分享一間台北專業心理諮商診所及相關諮詢費用給你參考！快速跳轉目錄為什麼要選自費諮商所？台北心理諮商所怎麼挑？自費台北諮商有什麼好處？如何挑選合適的台北諮商所？如何挑選合適的台北心理師？台北心理諮商推薦：擁抱心理諮商所心理諮商台北推薦「擁抱心理」的原因心理師推薦 台北擁抱心理完整名單台北心理諮商費用為什麼要選自費諮商所？台北心理諮商所怎麼挑？自費台北諮商有什麼好處？也許您會好奇，台北市心理諮商明
認識諮商心理師,,"
認識諮商心理師 | 臺北市諮商心理師公會

































 首頁
Open submenu (關於我們)關於我們
最新消息
Open submenu (會員服務)會員服務
Open submenu (民眾服務)民眾服務
聯絡我們






Facebook
Youtube
登入
申請入會
 
 
 






搜尋表單

搜尋 





 
 
 Close submenu (關於我們)關於我們公會簡介
本會章程
組織架構
本會會員代表
歷任成員
諮商倫理委員會
全聯會會員代表
大事記
Close submenu (會員服務)會員服務入退會說明
執業執照
公會健保
繼續教育課程
會員福利
常見問題
相關連結
Close submenu (民眾服務)民眾服務認識諮商心理師
台北市合格心理諮商機構
台北市諮商心理師名錄
心理健康講座
心理健康專欄/節目
委託媒合講師
常見問題



Jump to Navigation
Jump to Main content









臺北市諮商心理師公會

Taipei Counseli"
台灣心理諮商資訊網,,"

台灣心理諮商資訊網









設為首頁‧
            English Version‧
            免費引用資訊




首頁 Top

信箱 Mail

留言 Guestbook

討論 Forum


































第七屆社會科學本土化學術研討會暨第八屆本土諮商心理學學術研討會  
					  
					  報名表單



全球第一本中英雙語學術期刊-本土諮商心理學學刊第十五卷第一期出刊 





本土諮商心理學學刊徵稿通告




輔導與諮商學報徵稿通告




中華輔導與諮商學報徵稿通告
























彰化師範大學


彰化師大輔導與諮商系


彰化師大學生輔導中心


彰化師大社區諮商中心


彰化師大本土諮商心理學研究發展中心


彰化師大性別與家庭研究中心


彰化師大華人生涯研究中心


彰化師大研究倫理審查委員會


世界本土諮商心理學推動聯盟


中華本土社會科學會 


台灣心理健康諮詢與員工協助方案協會


台灣輔導與諮商學會


台灣心"
心理諮商有效嗎?心理師：先讀這五個重點！,,"  心理諮商有效嗎?心理師：先讀這五個重點！ - 力人心理治療所      Skip links Skip to primary navigation Skip to content
首頁關於力人環境介紹收費標準心理師團隊方曉喻  所長黃春偉 副所長蕭淑月蔡盈盈羅時揚李馨兒張嘉紋曾光佩蔣宛儒陳韻如許瑜庭林依靜柯萱如蘇淑貞 顧問楊大和心理諮商/治療心理諮詢與評估青年心理諮商婚姻與伴侶諮商心理與精神疾病兒童與青少年與親子諮商心理創傷與療癒人際關係與情緒壓力預約&聯絡立即預約聯絡方式治療指南實習心理師方案


立即預約					

 



Facebook
 



 



 


Toggle navigation













Toggle navigation







首頁關於力人環境介紹收費標準心理師團隊方曉喻  所長黃春偉 副所長蕭淑月蔡盈盈羅時揚李馨兒張嘉紋曾光佩蔣宛儒陳韻如許瑜庭林依靜柯萱如蘇淑貞 顧問楊大和心理諮商/治療心理諮詢與評估青年心理諮商婚姻與伴侶諮商心理與精神疾病兒童與青少年與親子諮商心理創傷與療癒人際關係與情緒壓力預約&聯絡立即預約聯絡方式治"
心理治療(諮商)所,,"
















































	臺北市政府衛生局社區心理衛生中心-心理治療(諮商)所-心理治療(諮商)所













跳到主要內容區塊 













 網站索引 
搜尋
搜尋







進階搜尋

  分享您的瀏覽器不支援JavaScript功能，若網頁功能無法正常使用時，請開啟瀏覽器JavaScript狀態 分享至 Facebook[另開新視窗] 分享至 Plurk[另開新視窗] 分享至 twitter[另開新視窗] 分享至 line[另開新視窗] 分享至 email[另開新視窗]
   單位介紹  心衛中心簡介 服務項目 聯絡我們/交通路線 粉絲專頁 LINE帳號
  訊息區  最新消息 新聞稿 臺北市COVID-19專區
  活動/課程專區  講座/活動 教育訓練 活動花絮
  諮商門診  社區心理諮商服務門診表 社區心理諮商服務說明 社區心理諮商服務Ｑ＆Ａ
  心理評量  簡式心情溫度計(BSRS-5) 長者憂鬱量表(GDS-15) 台灣工作者疲勞量表-個人相關過勞分量表 網路使"
有我傾聽」 「年輕族群心理健康支持方案」8月1日上路！,,"










衛福部推「年輕的心，有我傾聽」 「年輕族群心理健康支持方案」8月1日上路！-
						衛生福利部














按 Enter 到主內容區

Toggle navigationToggle navigation

:::
回衛福部首頁
RSS
English
雙語詞彙
部長信箱
網站導覽



Search
進階
熱門關鍵字：
					國民年金肺炎鏈球菌疫苗再生醫療法血壓
您的瀏覽器不支援javascript功能，若網頁功能無法正常使用時，請開啟瀏覽器Javscript狀態。



本部簡介
部長
次長
主任秘書
行政組織
本部單位及所屬機關
使命願景及重大政策
政策報導
部徽設計說明


最新消息
焦點新聞
真相說明
公告訊息
活動訊息
招標資訊
就業資訊


便民服務
消費者保護
部長信箱
人民線上申辦服務專區
表單下載
諮詢服務專線
政府出版品
電子報訂閱
相關問題Q&A
衛生福利e寶箱
常用查詢
政府資訊公開


法令規章
衛生福利法規檢索系統
法規通報
全國法規資料庫
行政院公報資訊網
反貪資訊網
遊說法專區
法規鬆綁
勤休新制專區
"
臺灣諮商心理學會,,"







臺灣諮商心理學會























 














首頁
關於我們
►
學會宗旨
組織架構
學會組織章程
委員會組織規程
學會辦法
相關法規


最新消息
►
學會消息
相關單位消息
徵稿/徵才訊息
心理健康要聞
政令宣導


學會服務
►
心理諮商督導認換證申請
繼續教育積分審查
實習機構審查
海外學歷返台諮商實習資訊
學術出版
研討會議
專業課程
諮商專業


活動實記
相關連結
加入會員
聯絡我們








服務時間
週一至週五 09:00 ~ 17:00





Email
twcpa.mail@gmail.com





連絡電話
02-23751213

















首頁
關於我們

學會宗旨
組織架構
學會組織章程
委員會組織規程
學會辦法
相關法規


最新消息

學會消息
相關單位消息
徵稿/徵才訊息
心理健康要聞
政令宣導


學會服務

心理諮商督導認換證申請
繼續教育積分審查
實習機構審查
海外學歷返台諮商實習資訊
學術出版
研討會議
專業課程
諮商專業


活動實記
相關"
綻芯心理諮商所,,"

心理諮詢、線上心理諮商｜綻芯台北心理諮商
















































選單








綻芯


關於綻芯

綻芯專業團隊



綻芯安和


關於綻芯安和

綻芯安和專業團隊



服務項目


諮商服務收費

服務對象


成人諮商

兒童諮商

青少年諮商

伴侶諮商

家族諮商



心理議題


性別與親密

多元文化

情緒與睡眠

壓力與職場

身心症狀

藝術諮商

生命意義



徵才訊息



心理主題文章推薦


諮商準備與經驗

情緒壓力與睡眠

親子教養與家庭

親密關係與伴侶

心理學與生活



English Therapy

Blooming Blog


Mood, Stress, and Sleep

Relationships and More



線上服務


線上心理諮商

境外遠距諮詢



立即預約


我要預約

關於諮商 Q&A

合作診所與相關醫療資源

心情自我評量

生命專線



更多
Blooming Blog


Mood, Stress, an"
諮商心理學,,"










東吳大學心理學系 - 諮商心理學














Loading...








東吳大學
ENGLISH
理學院
招生資訊
網站導覽










 









Toggle navigation









最新消息



系辦公告
學術活動
考試資訊
徵才招募
國際交流




系所簡介



系史與發展

系所特色

優勢
機會
系徽介紹


畢業生發展

教育目標

大學部
碩士班



心理學領域介紹

臨床心理學
諮商心理學
工商心理學
方法計量心理學
發展心理學
社會與性格心理學
生理、知覺與認知心理學






師資成員



專任教師
兼任教師
行政人員




招生資訊




大學部

轉學
轉系
抵免須知



碩士班

甄試
考試



東吳大學學士生先修碩士班課程

心理學系學生修讀學、碩士一貫學程相關辦法及表單






課程規劃



課程地圖

大學部

選課須知
必修科目
選修科目
選課規劃手冊



碩士班

應用心理學組
臨床心理學組
諮商心理學組
學位考試公告(111學年前)
學"
心理諮商,,"






旭立文教基金會




























心理諮商





首頁
最新消息
認識基金會
課程中心
社會工作部
員工協助方案
加入會員
會員登入


shopping_cart 購物車
                                    





心理諮商介紹
諮商中心
諮商Q&A
心理諮商文章





                            menu
                        








旭立文教基金會
心理諮商




認識心理諮商
                            心理諮商是在一個安全且舒適的空間中，專業心理師與您共同進行深度的心理晤談。心理師將引導您探討目前的難題、困境，陪您一起整理這些紛雜的思緒、試圖找出當中的意義、同時引領您認識自己的能力與資源，共同討論合適的行動策略。最後，您將帶著新的領悟、多元的覺察，讓自己更有彈性去思考、抉擇並運用在實際生活中。
                        


諮商預約



           "
治療師陣容,,"





	專業陣容






































心理諮商

篩選治療師
治療師陣容
面對面諮商
教學之諮商
北市心理健康資源



心理檢測

免費檢測
心理衡鑑



課程與活動

身心靈花園
常見問題


關於我們
員工協助方案

 會員中心
0



登入




我的預約
我的課程
我的基本資料
設定與管理
登出













治療師陣容
選擇合適的治療師 能提供最專業的諮詢及幫助











我們的專員會在2-3個工作天以內以電話或是email(台灣以外地區)進行初步晤談，為您安排後續事宜。感謝您的預約。








我要篩選治療師

Major / 專業領域

壓力與情緒
情感與關係
嬰幼兒/親子
青少年議題
成長與職涯
身心疾病
失落與創傷
性別與性別議題
不拘(全選)

Sex / 治療師性別

女治療師
男治療師
不拘(全選)

Style / 學派

認知行為
心理動力取向
榮格取向
家族治療
沙遊治療
藝術治療
生理回饋
催眠治療
不拘(全選)

Price / 期望價格(50分鐘/次)"
心理諮商/治療常見問答FAQ,,"





常見問答FAQ | 蛹之生心理諮商所

















































































 








			Skip to content		














 



Search for...




















ENG 
 










最新消息關於我們





成立宗旨 


空間環境 


服務據點 


合作單位 


醫療院所聯盟 


集團介紹 
 

專業團隊服務項目





專業服務 


講座邀約 


員工協助方案 


無憂專線 


多元性別支持 


家事商談 
 

預約諮詢





防疫須知 


線上遠距諮商 


預約流程 


收費標準 


年輕族群方案 


立即預約 
 

常見問答部落格 


 








 



最新消息關於我們

成立宗旨服務據點/交通方式空間環境醫療院所聯盟集團介紹
專業團隊服務項目

專業服務合作邀約(講座/課程)企業員工協助方案無"
治療師陣容,,"





	專業陣容






































心理諮商

篩選治療師
治療師陣容
面對面諮商
教學之諮商
北市心理健康資源



心理檢測

免費檢測
心理衡鑑



課程與活動

身心靈花園
常見問題


關於我們
員工協助方案

 會員中心
0



登入




我的預約
我的課程
我的基本資料
設定與管理
登出













治療師陣容
選擇合適的治療師 能提供最專業的諮詢及幫助











我們的專員會在2-3個工作天以內以電話或是email(台灣以外地區)進行初步晤談，為您安排後續事宜。感謝您的預約。








我要篩選治療師

Major / 專業領域

壓力與情緒
情感與關係
嬰幼兒/親子
青少年議題
成長與職涯
身心疾病
失落與創傷
性別與性別議題
不拘(全選)

Sex / 治療師性別

女治療師
男治療師
不拘(全選)

Style / 學派

認知行為
心理動力取向
榮格取向
家族治療
沙遊治療
藝術治療
生理回饋
催眠治療
不拘(全選)

Price / 期望價格(50分鐘/次)"
心理諮商服務(採預約制),,"


臺南市政府衛生局-心理諮商服務(採預約制)






















































您的瀏覽器不支援JavaScript功能，若網頁功能無法正常使用時，請開啟瀏覽器JavaScript狀態。










跳到主要內容區塊:::
網站導覽

English
中文


小｜
中｜
大












訊息公告焦點新聞活動訊息宣導事項徵才專區護理人員甄試專區採購專區登革熱防治專區誘卵桶監測資訊臺南400活動專區食安專區本局介紹組織架構局長介紹業務職掌交通資訊人事園地公文附件下載區廉政園地會計園地業務專區疾病管制業務醫事管理業務食品藥物管理心理健康管理國民健康管理檢驗中心業務綜合企劃服務專業人員區醫事管理資訊護理機構資訊證照服務廣告申請(醫療/藥物)糖尿病共同照護網代謝症候群防治專區基層醫療院所死亡通報教育訓練專區講義下載專區主題專區臺南市政府登革熱防治中心臺南市政府生物資料庫健康飲食運動地圖網長者社區資源整合運用平台社會安全網 -關懷e起來幼兒專責醫師制度計畫專區便民服務為民服務窗口我要留言臺南市所屬醫"
台北心理諮商Top5：費用、諮商所、免費資源- 林威廷身心診所,,"





台北心理諮商Top5：費用、諮商所、免費資源 - 林威廷身心診所






























































































 









關於診所

診所簡介
收費標準
門診時刻


心理諮商

心理諮商
婚姻諮商
伴侶諮商
失眠
憂鬱
注意力不足過動症


診療項目

身心科
心理諮商


醫療團隊

醫師
心理師

臨床心理師
諮商心理師




心理諮商專欄
最新消息
聯絡我們
 

 選單


關於診所

診所簡介
收費標準
門診時刻


心理諮商

心理諮商
婚姻諮商
伴侶諮商
失眠
憂鬱
注意力不足過動症


診療項目

身心科
心理諮商


醫療團隊

醫師
心理師

臨床心理師
諮商心理師




心理諮商專欄
最新消息
聯絡我們
 











 搜尋


搜尋


 Close this search box.
















 









關於診所

診所簡介
收費標準
門診時刻

"
心理諮商,,"






旭立文教基金會























心理諮商  首頁 最新消息 認識基金會 課程中心 社會工作部 員工協助方案 加入會員 會員登入 shopping_cart 購物車
                                     心理諮商介紹 諮商中心 諮商Q&A 心理諮商文章 
                            menu
                         旭立文教基金會 心理諮商 諮商中心 心理諮商介紹 心理師介紹 諮商環境 服務資訊 諮商中心 心理師介紹  呂旭亞 心理學博士/督導級心理治療師
國際分析心理學會(I...   曹中瑋 旭立諮商中心 諮商心理師（督導/專業訓練） 
                                            重要著作：
曹中瑋（2022）懂得的陪伴：一位資深心理師的心法傳承。台北市：心靈工坊文化。
曹中瑋（2...
                                          成蒂 旭立諮商中心 諮商心理師 
  "
心理諮商預約,,"




















	屏東縣政府衛生局-心理諮商預約



























































 

跳到主要內容區塊

















屏東縣政府衛生局


:::網站導覽回首頁屏東縣政府民意信箱English 



字級:



小
        



中
        



大
        










分享







Facebook


line



Email















關鍵字搜尋

搜尋







   mobile_menu  關於我們發展沿革局長簡歷組織架構單位通訊交通位置屏東縣政府衛生局Facebook屏東縣政府衛生局Youtube所屬單位業務資訊醫政業務疾病管制心理衛生與毒品防制食品藥政業務預防保健稽查業務企劃業務行政業務人事業務會計業務政風業務公告訊息最新消息新聞專區活動資訊徵才公告活動花絮便民服務便民服務整合申辦平台屏東縣醫院就醫資訊 心理諮商預約局長信箱主題專區衛生教育主軸資訊公開會計統計廉政園"
心理諮商預約----彰化縣社區心理衛生中心,,"




















	屏東縣政府衛生局-心理諮商預約



























































 

跳到主要內容區塊

















屏東縣政府衛生局


:::網站導覽回首頁屏東縣政府民意信箱English 



字級:



小
        



中
        



大
        










分享







Facebook


line



Email















關鍵字搜尋

搜尋







   mobile_menu  關於我們發展沿革局長簡歷組織架構單位通訊交通位置屏東縣政府衛生局Facebook屏東縣政府衛生局Youtube所屬單位業務資訊醫政業務疾病管制心理衛生與毒品防制食品藥政業務預防保健稽查業務企劃業務行政業務人事業務會計業務政風業務公告訊息最新消息新聞專區活動資訊徵才公告活動花絮便民服務便民服務整合申辦平台屏東縣醫院就醫資訊 心理諮商預約局長信箱主題專區衛生教育主軸資訊公開會計統計廉政園"
聯合心理諮商所,,"


心理諮商 感情諮商 婚姻諮商 台北心理諮商推薦 新竹心理諮商推薦 | 聯合心理諮商所


























































Skip to content










關於我們

關於我們 服務據點 諮商環境 諮商Q&A
諮商服務

服務內容 心理諮商 紓壓放鬆訓練 專業督導
職業生涯設計企業訓練課程

企業訓練課程 EAPs心理健康三級預防 EAPs服務內容 情緒與壓力管理解決方案 提升溝通力解決方案 正向思考解決方案 職場心理學 兩性與親子教養系列課程 工作坊系列課程 企業講師 案例分享
服務團隊

諮商心理師團隊-台北 諮商心理師團隊-新竹 企業講師團隊
訊息專區

最新消息 心靈舒坊

職場健康 社會議題 愛情關係 婚姻家庭 情緒管理 

預約辦法

預約流程 線上預約 企業諮詢服務
聯絡我們

諮商所位置 線上留言
EnglishToggle website search










Menu
Close





關於我們

關於我們
服務據點
諮商環境
諮商Q&A


諮商"
華人心理治療基金會,,"





	首頁






































心理諮商

篩選治療師
治療師陣容
面對面諮商
教學之諮商
北市心理健康資源



心理檢測

免費檢測
心理衡鑑



課程與活動

身心靈花園
常見問題


關於我們
員工協助方案

 會員中心
0



登入




我的預約
我的課程
我的基本資料
設定與管理
登出














篩選治療師
選擇合適而有經驗的治療師很重要，透過與治療師的首次會談建立彼此的了解與信任，共同討論未來工作的方向與療程。在專業、安全、具隱私性的關係中，找回支撐自己心靈的力量與安全感。

開 始








治療師陣容
Our psychologists













今日推薦

趙薏婷諮商心理師
專長領域 : 伴侶與人際關係、情緒與壓力調適、原生家庭探索、兒童青少年情緒壓力、父母情緒支持、精神分析取向心理治療 









今日推薦

林方晧諮商心理師
專長領域 : 個別諮商(自我成長、婚姻家庭議題)、婚姻&家族治療、婚姻及家庭治療督導 




預約諮商







"
看見心理諮商中心,,"































































看見心理諮商中心-台北推薦心理諮商|感情諮商|壓力諮商|雙語諮商|同志諮商|視訊諮商 | 看見心理










































top of page跳到主要內容首頁專業團隊諮商所場地介紹關於我們品牌理念專業治療設備介紹環境介紹諮商服務心理諮商是什麼？心理諮商可以在咖啡廳或外面做嗎？如何挑選心理諮商所？預約心理諮商該怎麼進行呢？心理諮商安全嗎？諮商主題專業文章聯絡我們EnglishFAQMoreUse tab to navigate through the menu items.看見心理Seeing Counseling Center通訊心理諮商核可諮商所談心事，讓專業的來​​從想談的
議題出發​引導您進入主題介紹頁面，​您可以從中找到適合的心理師我想談的議題從心理師的
專業出發​選擇想使用的語言、主題
與類別來選擇我想找的心理師​從心理師的
特質出發喜歡溫柔、理性、幽默、
快節奏、慢節奏...？我想要的"
